{
    "loss": 0.30136287212371826,
    "accuracy": 0.8917999863624573
}