{
    "loss": 0.29652610421180725,
    "accuracy": 0.8956999778747559
}