{
    "loss": 0.30243411660194397,
    "accuracy": 0.8939999938011169
}